<?xml version="1.0" encoding="UTF-8"?>
<project-private xmlns="http://www.netbeans.org/ns/project-private/1">
    <editor-bookmarks xmlns="http://www.netbeans.org/ns/editor-bookmarks/2" lastBookmarkId="0"/>
    <open-files xmlns="http://www.netbeans.org/ns/projectui-open-files/2">
        <group>
            <file>file:/D:/danie/Documents/UPIITA-IPN/Cuarto%20Semestre/Bases%20de%20Datos/Proyecto%20Final/Git/BaseballStoreAdmin/src/Paneles/pnl_pres_equipos.java</file>
            <file>file:/D:/danie/Documents/UPIITA-IPN/Cuarto%20Semestre/Bases%20de%20Datos/Proyecto%20Final/Git/BaseballStoreAdmin/src/ModeloNegocio/Presentaciones.java</file>
            <file>file:/D:/danie/Documents/UPIITA-IPN/Cuarto%20Semestre/Bases%20de%20Datos/Proyecto%20Final/Git/BaseballStoreAdmin/src/Paneles/pnl_pres_categoria.java</file>
            <file>file:/D:/danie/Documents/UPIITA-IPN/Cuarto%20Semestre/Bases%20de%20Datos/Proyecto%20Final/Git/BaseballStoreAdmin/src/Paneles/pnl_pres_talla.java</file>
            <file>file:/D:/danie/Documents/UPIITA-IPN/Cuarto%20Semestre/Bases%20de%20Datos/Proyecto%20Final/Git/BaseballStoreAdmin/src/Paneles/pnl_pres_marca.java</file>
            <file>file:/D:/danie/Documents/UPIITA-IPN/Cuarto%20Semestre/Bases%20de%20Datos/Proyecto%20Final/Git/BaseballStoreAdmin/src/Paneles/pnl_pres_tipos.java</file>
        </group>
    </open-files>
</project-private>
